{"0.25": {"SVR": [5.475526087738053, 13.53467149096796, 0.2555965882518483, -20.570030856326433], "RF": [0.40395312228029795, 3.2380010077694195, 0.9959484743892131, -0.23455171515678708], "Bayes": [0.03206093353570524, 0.054315826103876086, 0.99997447833654, 0.9996526173639171], "LR": [0.031655587134008616, 0.05902438901781273, 0.9999751195978304, 0.9995897785848511]}, "0.33": {"SVR": [6.463602903953802, 9.584990445592794, -0.03730383800135906, -9.817793740139301], "RF": [0.5735225584055087, 4.399185570558547, 0.9918330920731832, -1.2787668466410622], "Bayes": [0.032718726689301314, 0.03806717078555444, 0.9999734203389834, 0.9998293695527729], "LR": [0.032565189194440444, 0.0398592577982249, 0.9999736692117048, 0.9998129258660883]}, "0.4": {"SVR": [8.61713758365121, 6.475882146768202, -0.8436679418261348, -3.9380240529918726], "RF": [0.4821825380496499, 2.2235781974106534, 0.9942272917738946, 0.41781616564814483], "Bayes": [0.03343202712479936, 0.03469932078789354, 0.9999722487805984, 0.9998582257769982], "LR": [0.03318005806302047, 0.03596474657524537, 0.9999726655126437, 0.9998476966918002]}, "0.5": {"SVR": [9.939092643726974, 4.8132871495405904, -1.452732170879151, -1.7279654831346312], "RF": [0.6683538546309126, 1.1248279400587657, 0.9889090291402665, 0.8510201547387568], "Bayes": [0.03506567243440151, 0.03162517745810106, 0.9999694704085158, 0.999882233634987], "LR": [0.034586502699554565, 0.03243116940373885, 0.9999702990767915, 0.9998761544102728]}, "0.6": {"SVR": [10.81288716129551, 3.798156717720598, -1.9029529151560456, -0.6986389912863447], "RF": [0.48544116533314274, 0.5974692240477405, 0.9941490032980863, 0.9579673852848661], "Bayes": [0.036424218646313185, 0.030479114829489198, 0.999967058972732, 0.9998906144315027], "LR": [0.03602765007493721, 0.03101878481561441, 0.9999677723586533, 0.9998867065275898]}, "0.66": {"SVR": [11.375347252392086, 3.2399139735172784, -2.2128169047864596, -0.23601085785366482], "RF": [0.39611788018215033, 0.4924760213238281, 0.9961041202588579, 0.9714421500701662], "Bayes": [0.03737153194961242, 0.029929735678478314, 0.9999653232448468, 0.9998945221932175], "LR": [0.036993632906025004, 0.030399576594889278, 0.9999660209982892, 0.9998911845912904]}, "0.75": {"SVR": [12.873907803600382, 2.4118207997369705, -3.1150720083971892, 0.31507124323946556], "RF": [0.9221832111896191, 0.21045314517913633, 0.9788850006302262, 0.9947848576267644], "Bayes": [0.037821620586516586, 0.028917903327483906, 0.9999644829475004, 0.9999015334025231], "LR": [0.037425130379400276, 0.029177952132780304, 0.9999652237063826, 0.9998997544869299]}, "0.8": {"SVR": [12.563431263372928, 2.4580810751391593, -2.9189812531718435, 0.28854451106944323], "RF": [0.45442959945786093, 0.16566720977925867, 0.9948726864910599, 0.9967683193076734], "Bayes": [0.03927706963596402, 0.028096179799249617, 0.9999616968221171, 0.9999070498970903], "LR": [0.03844225660567605, 0.02844624388688426, 0.9999633077455398, 0.9999047192457542]}, "0.9": {"SVR": [4.365658696312626, 1.108176158131941, 0.526787498124873, 0.8553984552107881], "RF": [0.580113665340564, 0.17031700670258268, 0.9916442999407051, 0.9965843657507217], "Bayes": [0.038470400010218724, 0.028394906462794575, 0.9999632540014025, 0.9999050628450462], "LR": [0.038249193278606604, 0.02848770097382697, 0.9999636753691405, 0.9999044413221797]}}