{"YN": {"SVR": [6.439711856106813, -1.0943709064195546], "RF": [4.880546634063373, -0.20297792869362108], "Bayes": [1.5443969794048955, 0.8795411777433829], "LR": [1.7849560418697168, 0.8390926894337936]}, "NN": {"SVR": [6.439711856106813, -1.0943709064195546], "RF": [4.754428276691666, -0.14160884775435356], "Bayes": [1.5443834390637423, 0.879543289954712], "LR": [1.5436100308846383, 0.8796639062151296]}, "YY": {"SVR": [2.114631978608327, 0.7892971863849859], "RF": [3.084424482963759, -0.13466092278368302], "Bayes": [1.38560841180702, 0.8872437051075484], "LR": [9.958203244549782, -0.05700339432899093]}, "NY": {"SVR": [1.6410043143738144, 0.8433698349907346], "RF": [2.8262676945147676, 0.03070140022172141], "Bayes": [1.386377309527086, 0.8874386382638484], "LR": [9.92244830152364, -0.0574545094147878]}}