{"NN": {"SVR": [0.970604142871594, 7.271812347240441, 0.98137442106521, -1.6705828268835132], "RF": [0.9315974026873995, 2.562088855450606, 0.9828413926008656, 0.6684804834797795], "Bayes": [1.2983089663480019, 1.5377815170589133, 0.9666741210766354, 0.8805709441348393], "LR": [1.2739147738687882, 1.5402675396570673, 0.9679146894001495, 0.8801844869954242]}, "YN": {"SVR": [0.968203015045045, 7.2708793918860755, 0.9814664608076175, -1.6698976126343488], "RF": [1.160169758293753, 2.7603680768292618, 0.9733885474430458, 0.6151825848647947], "Bayes": [1.2981272013304745, 1.5378308137185281, 0.9666834517600028, 0.8805632869380049], "LR": [1.2027771805306244, 1.7953914981064143, 0.9713980357699906, 0.8372057526448482]}, "NY": {"SVR": [0.023981982652012814, 0.029546300815989385, 0.9667563724921745, 0.8711039243643128], "RF": [0.036157973875757206, 0.05906804648038802, 0.9244305238379179, 0.4848440969508273], "Bayes": [0.02400687835992168, 0.0284716842904349, 0.966687316215174, 0.880309471834763], "LR": [0.023560472977044427, 0.028486545952599526, 0.9679146894001492, 0.880184486995426]}, "YY": {"SVR": [0.04033981574639952, 0.05085638417668345, 0.9673013407764115, 0.8672457879401588], "RF": [0.06234796253455276, 0.10115390243219156, 0.9218899966771429, 0.47480251787629857], "Bayes": [0.03985231030550408, 0.04938667402300702, 0.9680868898476317, 0.8748079042572383], "LR": [0.03772826789619276, 0.05631717371726483, 0.9713980357699906, 0.8372057526448504]}}