{"YY": {"SVR": [2.1634420477063037, 0.6481909150782361], "RF": [2.982785342636763, -0.1066733038601515], "Bayes": [1.3862346117291913, 0.8871789007355595], "LR": [9.958203244549782, -0.05700339432899093]}, "NY": {"SVR": [4.1642381396708075, -1.6017235571547], "RF": [3.90287766129256, -1.171414610527496], "Bayes": [1.3873021490775628, 0.8873217756833875], "LR": [9.92244830152364, -0.0574545094147878]}}