{"YN": {"SVR": [3.9895799834681136, 6.831550483231954, 0.6853122394218683, -1.3569984102704713], "RF": [3.3069764681055434, 3.979105692107378, 0.7837840598458876, 0.20036521992332967], "Bayes": [1.2981272013304745, 1.5378308137185281, 0.9666834517600028, 0.8805632869380049], "LR": [1.2027771805306244, 1.7953914981064143, 0.9713980357699906, 0.8372057526448482]}, "NN": {"SVR": [3.989044069948625, 6.831957157584256, 0.6853967766909959, -1.3572790374382993], "RF": [3.4852332808127158, 3.8949338927324897, 0.7598463430253249, 0.23383747178801295], "Bayes": [1.2983089663480019, 1.5377815170589133, 0.9666741210766354, 0.8805709441348393], "LR": [1.2739147738687882, 1.5402675396570673, 0.9679146894001495, 0.8801844869954242]}, "YY": {"SVR": [0.04154420808052587, 0.059741489026620076, 0.9653196801369164, 0.8168067628472478], "RF": [0.039675343250878986, 0.10120659698108449, 0.9683696854921338, 0.4742551884668319], "Bayes": [0.0398644096601427, 0.049372015952700736, 0.9680675089560564, 0.8748822077915607], "LR": [0.03772826789619276, 0.05631717371726483, 0.9713980357699906, 0.8372057526448504]}, "NY": {"SVR": [0.024348204260704016, 0.028493902192767952, 0.9657333134946878, 0.8801225977446628], "RF": [0.026446983614452756, 0.05378407458225291, 0.9595712297997447, 0.5728888926555034], "Bayes": [0.02401034801912487, 0.028475396985590765, 0.9666776863073897, 0.8802782546146853], "LR": [0.023560472977044427, 0.028486545952599526, 0.9679146894001492, 0.880184486995426]}}